공사명,공사규모,면적_연면적,면적_대지면적,면적_건축면적,면적_조경면적,면적_건폐율,면적_용적률,높이_기준층층고,높이_최고높이,주차대수,현장위치,발주년월,공사기간,건축법상용도,연면적,*총공사비,㎡당 공사비,설계특이사항
서남권 스마트선박안전지원센터 건립공사,철근콘크리트조 지하 0층~지상 2층.,"2,775.97㎡","7,900㎡","1,709.14㎡","1,424.73㎡",21.63%,35.14%,4.2m,21m,69대,전라남도 목포시,2021.11,착공일로부터 427 일,업무시설,"2,775.97 ㎡","8,550,082,000 원","3,080,034 원/㎡",
인천권 스마트선박안전지원센터 건립공사,철근콘크리트조 지하 0층~지상 2층.,"2,666.24㎡","7,115.9㎡","1,710.86㎡","1,076.62㎡",24.04%,37.47%,4.2m,21m,45대,인천광역시 중구,2021.11,착공일로부터 427 일,업무시설,"2,666.24 ㎡","8,260,159,910 원","3,098,056 원/㎡",
종암경찰서 신축공사,철골철근콘크리트조 지하 2층~지상 5층.,"14,188.58㎡","4,959㎡","2,153.22㎡",886.14㎡,43.42%,171.05%,0m,0m,114대,서울특별시 성북구,2021.11,착공일로부터 720 일,업무시설중 공공업무시설,"14,188.58 ㎡","35,871,709,842 원","2,528,210 원/㎡",
한전KDN 서울지역본부 사옥 신축 건축공사,철근콘크리트조 지하 4층~지상 12층.,"13,514.35㎡","2,006㎡","1,184.48㎡",318.69㎡,59.05%,388.11%,4.2m,60.3m,94대,서울특별시 강동구,2021.11,착공일로부터 867 일,"일반업무시설, 제1종근린생활시설","13,514.35 ㎡","40,144,508,020 원","2,970,510 원/㎡","대지여건으로 인한 역타공법 적용, 외장 BIPV 사용"
인천지방법원 별관 증축 및 주차타워 설치 공사,철근콘크리트조 지하 1층~지상 5층.,"12,295.4㎡","27,784㎡","1,929.81㎡","6,472.33㎡",6.95%,39.65%,4.5m,27.85m,564대,인천광역시 미추홀구,2021.10,착공일로부터 760 일,"업무시설(공공업무시설), 노유자시설(아동관련시설)","12,295.4 ㎡","26,416,284,694 원","2,148,469 원/㎡","별관 : 연면적 8,079.2㎡, 지하1층~지상5층, 철근콘크리트조
주차타워 : 연면적 4,216.2㎡, 지상3층 4단, 철골조"
김포시의회 청사 건립공사,철골철근콘크리트조 지하 2층~지상 4층.,"6,230.31㎡","28,802.1㎡","1,174.06㎡",300.86㎡,4.08%,12.14%,5.4m,21.3m,73대,경기도 김포시,2021.10,착공일로부터 630 일,업무시설,"6,230.31 ㎡","17,816,524,029 원","2,859,653 원/㎡",
서울특별시교육청 신청사 건립 공사,철근콘크리트조 지하 3층~지상 6층.,"39,937㎡","13,214.2㎡","6,629.52㎡","3,973.1㎡",50.17%,159.75%,4m,36.35m,255대,서울특별시 용산구,2021.10,착공일로부터 974 일,업무시설(공공업무시설),"39,937 ㎡","133,393,576,514 원","3,340,100 원/㎡","내부 중정형 아트리움(1층~6층 중앙부 오픈), 외부 AL 수직루버"
무안군 보건소 이전신축 공사,철근콘크리트조 지하 2층~지상 4층.,"11,154.59㎡","4,412.98㎡","1,742.07㎡","1,032.43㎡",39.48%,98.13%,3.9m,19.8m,169대,전라남도 무안군,2021.08,착공일로부터 365 일,업무시설(공공업무시설),"11,154.59 ㎡","24,350,830,281 원","2,183,032 원/㎡",
동탄9동 행정복지센터 건립공사,철근콘크리트조 지하 1층~지상 3층.,"8,436.12㎡","8,662㎡","3,764.4㎡","2,344.5㎡",43.46%,89.58%,4.8m,15.9m,143대,경기도 화성시,2021.08,착공일로부터 425 일,업무시설(공공업무시설),"8,436.12 ㎡","19,771,704,445 원","2,343,696 원/㎡","고강도콘크리트 말뚝공사, 연료전지, 태양광패널 반영"
김포제조융합혁신센터 건립공사,철근콘크리트조 지하 1층~지상 7층.,"8,692.8㎡","6,120.2㎡","1,970.65㎡","1,151.92㎡",32.2%,118.91%,3.8m,32.5m,96대,경기도 김포시,2021.08,착공일로부터 570 일,"업무시설(공공업무시설), 문화집회시설(전시장), 근린생활시설","8,692.8 ㎡","22,250,760,562 원","2,559,677 원/㎡",
이천시보건소 신축 건축공사,철근콘크리트조 지하 1층~지상 3층.,"6,977.87㎡","16,402.7㎡","2,046.02㎡","1,436.75㎡",12.47%,34.19%,2.7m,14.8m,105대,경기도 이천시,2021.07,착공일로부터 540 일,공공업무시설,"6,977.87 ㎡","19,223,419,969 원","2,754,912 원/㎡",
건강보험심사평가원 의정부지원 사옥 건립공사,철근콘크리트조 지하 1층~지상 5층.,"5,843.81㎡","3,009.9㎡","1,448.04㎡",597.75㎡,48.11%,125.72%,3.9m,21.5m,48대,경기도 의정부시,2021.07,착공일로부터 558 일,업무시설,"5,843.81 ㎡","13,023,975,994 원","2,228,679 원/㎡",
대곶문화복지센터 건립공사,철근콘크리트조 지하 2층~지상 3층.,"5,900.58㎡","4,528㎡","1,194.59㎡",925.71㎡,26.38%,60.84%,4.8m,17.98m,76대,경기도 김포시,2021.06,착공일로부터 548 일,업무시설(행정복합청사),"5,900.58 ㎡","16,085,329,343 원","2,726,059 원/㎡",기존건물 철거후 증축
구의2동 복합청사 건립공사,철근콘크리트조 지하 3층~지상 5층.,"6,139.26㎡","1,506.7㎡",897.61㎡,315.71㎡,59.57%,199.99%,3.95m,5.25m,83대,서울특별시 광진구,2021.06,착공일로부터 760 일,"업무시설,근린생활시설","6,139.26 ㎡","21,232,607,164 원","3,458,496 원/㎡",
미양면사무소 건립공사,철근콘크리트조 지하 1층~지상 4층.,"2,516.03㎡","2,134㎡",753.47㎡,366.94㎡,35.31%,107%,4.1m,17.6m,0대,경기도 안성시,2021.04,착공일로부터 425 일,업무시설(공용의청사-면사무소),"2,516.03 ㎡","6,778,129,921 원","2,693,978 원/㎡",
점동면 공공청사 복합건립사업 건축공사,철근콘크리트조 지하 1층~지상 3층.,"4,566.71㎡","4,731.2㎡","1,941.47㎡",557.98㎡,41.04%,87.25%,3.9m,15.95m,55대,경기도 여주시,2021.04,착공일로부터 546 일,업무시설,"4,566.71 ㎡","14,474,081,046 원","3,169,477 원/㎡","공공업무시설(행정동), 1종근린생활시설(문화동)이 2개의 별동으로 구분됨."
천연물제제 시생산시설 구축공사,철근콘크리트조 지하 0층~지상 2층.,"3,099.24㎡","21,474.5㎡","2,098.08㎡",0㎡,9.77%,14.43%,6m,11.2m,0대,충청북도 제천시,2021.04,착공일로부터 240 일,공장,"3,099.24 ㎡","5,551,652,054 원","1,791,295 원/㎡",없음
신용보증재단중앙회 사옥 건립공사,철근콘크리트조 지하 2층~지상 8층.,"12,785.08㎡","3,634㎡","1,800.8㎡",826.76㎡,49.55%,241.93%,0m,41.3m,95대,세종특별자치시,2021.03,착공일로부터 579 일,"업무시설(일반업무시설), 교육연구시설(연수원)","12,785.08 ㎡","29,708,918,915 원","2,323,718 원/㎡",
동래세무서 청사 신축공사,철근콘크리트조 지하 1층~지상 5층.,"5,341.57㎡","6,604.3㎡",934.27㎡,"1,193㎡",14.15%,66.58%,3.9m,23.5m,100대,부산광역시 연제구,2021.02,착공일로부터 540 일,업무시설,"5,341.57 ㎡","15,719,337,862 원","2,942,831 원/㎡",
춘천교육지원청 청사 이전 신축공사,철근콘크리트조 지하 1층~지상 3층.,"6,982.2㎡","15,368.3㎡","2,317.09㎡","4,266.01㎡",15.08%,38.45%,4.2m,16m,150대,강원도 춘천시,2020.12,착공일로부터 540 일,업무시설(공공업무시설),"6,982.2 ㎡","18,715,291,222 원","2,680,429 원/㎡",
마산동 행정복지센터 신축공사,철근콘크리트조 지하 1층~지상 3층.,"3,689.97㎡","1,998.6㎡",823.63㎡,418.96㎡,41.21%,110.26%,3.9m,13.6m,50대,경기도 김포시,2020.11,착공일로부터 396 일,공공업무시설,"3,689.97 ㎡","9,730,183,785 원","2,636,928 원/㎡",
TBN 충북교통방송 청사 신축공사 건축공사,철근콘크리트조 지하 1층~지상 3층.,"3,142.22㎡","6,611㎡","1,250.82㎡","2,266.07㎡",18.92%,39.79%,5.4m,26.75m,39대,충청북도 청주시 청원구,2020.11,착공일로부터 360 일,국방송통신시설 중 방송,"3,142.22 ㎡","10,814,282,083 원","3,441,606 원/㎡",없음
안동경찰서 신축공사,철근콘크리트조 지하 1층~지상 4층.,"10,138.49㎡","20,923㎡","3,228.82㎡","4,461.47㎡",15.43%,38.91%,4.5m,22m,143대,경상북도 안동시,2020.11,착공일로부터 600 일,공공업무시설,"10,138.49 ㎡","24,628,278,035 원","2,429,186 원/㎡",
영월대체복무단 교육원 및 생활관 신축공사,철근콘크리트조 지하 0층~지상 3층.,"3,767.61㎡","11,213.43㎡","1,336.57㎡","2,505.3㎡",11.92%,33.6%,3.9m,17m,26대,강원도 영월군,2020.11,착공일로부터 396 일,교정시설,"3,767.61 ㎡","10,461,516,174 원","2,776,698 원/㎡",
경찰대학 청사 증축공사,철근콘크리트조 지하 1층~지상 5층.,"9,223㎡","9,488㎡","2,837.99㎡","3,611.26㎡",29.91%,93.92%,4.2m,23.7m,21대,충청남도 아산시,2020.11,착공일로부터 540 일,업무시설,"9,223 ㎡","20,752,468,047 원","2,250,078 원/㎡",
영등포세무서 청사 및 어린이집 신축공사,철근콘크리트조 지하 2층~지상 6층.,"12,148.44㎡","11,643.4㎡","2,256.23㎡","1,920.56㎡",19.38%,60.9%,4m,32.25m,127대,서울특별시 영등포구,2020.11,착공일로부터 660 일,"업무시설(공공업무시설), 노유자시설","12,148.44 ㎡","31,219,043,539 원","2,569,799 원/㎡",
충북진천경찰서 청사이전 신축공사,철근콘크리트조 지하 1층~지상 4층.,"6,355.08㎡","17,480㎡","1,660.17㎡","9,156.42㎡",9.5%,29.56%,4m,18.44m,126대,충청북도 진천군,2020.11,착공일로부터 560 일,업무시설,"6,355.08 ㎡","13,245,182,799 원","2,084,188 원/㎡",
광주법원종합청사 별관 증축 건축공사,철근콘크리트조 지하 1층~지상 6층.,"11,903.54㎡","40,910㎡","1,648.83㎡","6,837.29㎡",4.03%,17.94%,4.5m,32.1m,363대,광주광역시 동구,2020.11,착공일로부터 750 일,공공업무시설,"11,903.54 ㎡","28,372,477,269 원","2,383,533 원/㎡",기존법원 운영 중 공사
신도시 복합커뮤니티센터 건립 건축공사,철근콘크리트조 지하 1층~지상 4층.,"10,816.54㎡","5,519.1㎡","2,767.79㎡","1,089.66㎡",50.15%,133.13%,4.2m,25.58m,100대,경상북도 예천군,2020.10,착공일로부터 600 일,"설공공업무시설,운동시설,제1종근린생활시","10,816.54 ㎡","30,644,701,842 원","2,833,134 원/㎡",없음
울산출입국사무소 신축공사,지하 1층~지상 4층.,"6,790㎡","11,244.8㎡","1,778.41㎡","4,585.88㎡",15.82%,54.23%,4m,21.2m,74대,울산광역시,2020.10,착공일로부터 760 일,공공업무시설,"6,790 ㎡","16,160,653,280 원","2,380,067 원/㎡",
전라북도교육청 별관 증축공사,철근콘크리트조 지하 0층~지상 4층.,"2,985.6㎡","26,155.9㎡","1,173.1㎡",612.1㎡,4.49%,11.41%,4.2m,18.75m,19대,전라북도 완주군,2020.10,착공일로부터 360 일,업무시설(공공청사),"2,985.6 ㎡","9,342,244,916 원","3,129,101 원/㎡",
치료감호소 중증환자 집중치료병동 신축공사,철근콘크리트조 지하 1층~지상 4층.,"14,054.8㎡","110,817㎡","4,099.98㎡","14,312.55㎡",3.7%,10.27%,3.8m,22.36m,57대,충청남도 공주시,2020.09,착공일로부터 990 일,교정 및 군사시설(교정시설),"14,054.8 ㎡","42,975,360,905 원","3,057,700 원/㎡","건물외곽 주벽설치, 기존 기숙사 2동 철거, 기존 지하 시설물(우수BOX,공동구등) 철거/이설, 매립지반으로 파일기초"
양주옥정우체국 건립공사,철근콘크리트조 지하 1층~지상 4층.,"6,732.11㎡","2,556.4㎡","1,653.43㎡",389.93㎡,64.68%,183.92%,4.2m,22.6m,53대,경기도 양주시,2020.09,착공일로부터 794 일,공공업무시설(우체국),"6,732.11 ㎡","15,846,760,274 원","2,353,907 원/㎡",
의성경찰서 신축공사,철근콘크리트조 지하 1층~지상 4층.,"6,234㎡","13,187㎡","1,836.11㎡","3,513.27㎡",13.92%,39.98%,3.9m,18.65m,137대,경상북도 의성군,2020.08,착공일로부터 540 일,공공업무시설,"6,234 ㎡","13,947,448,789 원","2,237,319 원/㎡",
대전지방법원 광역등기소 신축공사,기타 지하 1층~지상 3층.,"4,587㎡","5,805㎡","1,293㎡",1㎡,22.27%,79%,4.2m,4.8m,69대,대전광역시,2020.07,착공일로부터 630 일,청사,"4,587 ㎡","12,529,077,107 원","2,731,432 원/㎡",
통진읍 행정복합청사 신축공사,철골철근콘크리트조 지하 2층~지상 4층.,"15,193.67㎡","8,424.4㎡","2,709.18㎡","1,463.65㎡",32.16%,92.53%,4.2m,21.8m,213대,경기도 김포시,2020.07,착공일로부터 660 일,업무시설(공공청사),"15,193.67 ㎡","36,279,348,728 원","2,387,794 원/㎡",
부천소사경찰서 신축공사,철근콘크리트조 지하 1층~지상 6층.,"10,228.64㎡","12,200㎡","2,414.7㎡","2,526.69㎡",19.79%,67.19%,4.2m,30.6m,207대,경기도 부천시 소사구,2020.06,착공일로부터 540 일,공공업무시설(경찰서),"10,228.64 ㎡","24,494,653,382 원","2,394,713 원/㎡",
전북지방경찰청 순창경찰서 신축 공사,철근콘크리트조 지하 1층~지상 4층.,"5,319.77㎡","6,482.7㎡","1,456.81㎡","1,161.26㎡",22.47%,66.84%,4.2m,18.8m,72대,전라북도 순창군,2020.05,착공일로부터 600 일,공공업무시설(경찰청사),"5,319.77 ㎡","10,974,220,331 원","2,062,913 원/㎡",
남해어업관리단 청사시설 신축 건설공사,철근콘크리트조 지하 0층~지상 4층.,"3,574.22㎡","3,597㎡","1,235.47㎡",541.51㎡,34.35%,99.37%,4.5m,18.7m,45대,제주특별자치도 제주시,2020.04,착공일로부터 430 일,공공업무시설,"3,574.22 ㎡","9,218,953,125 원","2,579,291 원/㎡",
경기도교육청 남부신청사 건립공사,철근콘크리트조 지하 4층~지상 18층.,"43,628.97㎡","4,000㎡","2,626.88㎡",586.09㎡,65.67%,726.89%,4.1m,84.65m,494대,경기도 수원시 영통구,2020.03,착공일로부터 825 일,업무시설,"43,628.97 ㎡","117,497,139,301 원","2,693,099 원/㎡","학생, 현장, 학부모, 교원, 지역사회가 하나되어 소통하고 협력하는 생태계를 구축하는 경기 미래교육 융합공간 "
국립종자원 제주지원 청사 신축 및 포장공사,철근콘크리트조 지하 1층~지상 2층.,"2,139.62㎡","7,405㎡","1,448.37㎡","2,170.45㎡",19.56%,25.88%,2.6m,7.9m,22대,제주특별자치도 제주시,2020.03,착공일로부터 270 일,업무시설,"2,139.62 ㎡","6,363,706,767 원","2,974,223 원/㎡",없음
의정부지방검찰청 남양주지청 신축공사,철근콘크리트조 지하 1층~지상 8층.,"17,455.26㎡","18,000㎡","3,409.55㎡","4,876.05㎡",18.94%,74.91%,4.5m,40.05m,179대,경기도 남양주시,2020.03,착공일로부터 690 일,업무시설,"17,455.26 ㎡","40,016,790,959 원","2,292,535 원/㎡",남양주지원청사까지 지하연결(호송)통로 공사포함
충남청 통합숙영시설 신축 건축공사,지하 1층~지상 4층.,"10,317㎡","16,532㎡","10,317㎡",1㎡,62.41%,62.4%,4.2m,21.35m,110대,충청남도,2020.03,착공일로부터 540 일,업무시설,"10,317 ㎡","23,428,928,169 원","2,270,905 원/㎡",
경기북부경찰청 별관증축사업 건축공사,철근콘크리트조 지하 2층~지상 5층.,"10,979.4㎡","32,867㎡","1,732.62㎡","1,047.1㎡",5.27%,18.63%,4.1m,25.3m,107대,경기도 의정부시,2020.02,착공일로부터 630 일,업무시설,"10,979.4 ㎡","22,896,293,497 원","2,085,387 원/㎡",
국립특수교육원 다목적관 조성 증축공사,철근콘크리트조 지하 0층~지상 3층.,"1,904.55㎡","13,617.2㎡",924.83㎡,"3,776.34㎡",6.79%,13.99%,4.2m,16.85m,74대,충청남도 아산시,2020.01,착공일로부터 270 일,교육연구시설(교육원),"1,904.55 ㎡","4,678,291,218 원","2,456,376 원/㎡",
정부세종 신청사 건설공사,철골철근콘크리트조 지하 3층~지상 15층.,"134,489.31㎡","41,754.52㎡","15,495.49㎡","10,010.16㎡",37.11%,199.53%,4.5m,0m,"1,256대",세종특별자치시,2020.01,착공일로부터 880 일,업무시설(공공청사),"134,489.31 ㎡","325,032,857,688 원","2,416,793 원/㎡",
춘천지검 속초지청 신축공사,철근콘크리트조 지하 0층~지상 0층.,"6,569.38㎡","11,091.5㎡","1,794.64㎡","1,663.73㎡",16.18%,48.95%,4.2m,21.85m,49대,강원도 속초시,2019.11,착공일로부터 900 일,공공청사 업무시설,"6,569.38 ㎡","17,122,981,258 원","2,606,484 원/㎡",
부안해양경찰서 청사신축,철근콘크리트조 지하 1층~지상 5층.,"6,674.27㎡","19,923㎡","2,500.19㎡","6,483.34㎡",12.55%,31.17%,3.8m,23.1m,92대,전라북도 부안군,2019.11,착공일로부터 540 일,업무시설,"6,674.27 ㎡","14,930,894,916 원","2,237,083 원/㎡",
국민건강보험공단 부산사하지사 사옥 신축 건축공사,철근콘크리트조 지하 2층~지상 7층.,"10,258.75㎡","2,976㎡","1,683.29㎡",509.54㎡,56.56%,234.81%,4.2m,30.9m,93대,부산광역시 사하구,2019.11,착공일로부터 570 일,일반업무시설,"10,258.75 ㎡","27,958,674,717 원","2,725,349 원/㎡",대지 북측 인접부지 건축물의 이격거리가 매유 협소함.
보령경찰서 이전 신축 건축공사,철근콘크리트조 지하 1층~지상 4층.,"7,308.07㎡","16,290㎡","1,962.33㎡","3,625㎡",12.05%,36.35%,4.2m,20m,196대,충청남도 보령시,2019.11,착공일로부터 480 일,공공업무시설,"7,308.07 ㎡","15,494,390,186 원","2,120,175 원/㎡",
고용노동부창원지청 신청사 신축공사,철근콘크리트조 지하 1층~지상 3층.,"3,548.47㎡","2,843.2㎡",898.68㎡,485.24㎡,31.61%,81%,3.9m,17.2m,50대,경상남도 창원시 의창구,2019.11,착공일로부터 365 일,업무시설(공공업무시설),"3,548.47 ㎡","7,470,099,203 원","2,105,161 원/㎡",
농림수산식품교육문화정보원 청사 신축공사,철근콘크리트조 지하 1층~지상 4층.,"4,949.47㎡","3,960㎡","1,270.33㎡",608.13㎡,32.08%,116.13%,4.2m,19.14m,49대,세종특별자치시,2019.11,착공일로부터 450 일,일반업무시설(사무소),"4,949.47 ㎡","10,773,421,898 원","2,176,682 원/㎡",
서천군 신청사 건축공사,철근콘크리트조 지하 1층~지상 6층.,"15,670.33㎡","29,572㎡","3,971.2㎡","9,299.86㎡",13.43%,37.93%,4.2m,31.1m,384대,충청남도 서천군,2019.11,착공일로부터 730 일,업무시설(공공업무시설-청사),"15,670.33 ㎡","39,495,228,719 원","2,520,383 원/㎡",
춘천지방법원 속초지원청사 신축공사,철근콘크리트조 지하 1층~지상 5층.,"9,980.98㎡","22,206㎡","2,864.62㎡","1,667.18㎡",12.9%,40.27%,4.4m,24.5m,94대,강원도 속초시,2019.10,"착공일로부터 1,895 일",공공업무시설(공공기관),"9,980.98 ㎡","31,585,991,365 원","3,164,618 원/㎡",
인천지방경찰청 증축공사,철근콘크리트조 지하 1층~지상 8층.,"6,562㎡","22,795.6㎡",122.84㎡,1㎡,0.54%,28.78%,1m,1m,1대,인천광역시,2019.10,착공일로부터 540 일,업무시설,"6,562 ㎡","13,789,711,444 원","2,101,449 원/㎡",
한림읍 청사 신축공사,철근콘크리트조 지하 1층~지상 2층.,"4,989.54㎡","6,766㎡","1,970.84㎡","1,265.48㎡",29.13%,39.01%,4.2m,9.88m,106대,제주특별자치도 제주시,2019.10,착공일로부터 395 일,업무시설 (공공업무시설),"4,989.54 ㎡","11,135,922,066 원","2,231,853 원/㎡",기타 인증사항으로 제로에너지 4등급 예비인증 
창원해양경찰서 청사 신축 공사,철근콘크리트조 지하 1층~지상 4층.,"6,980㎡","10,800㎡","2,470.65㎡","2,662.96㎡",22.88%,63.91%,4.2m,20.65m,117대,경상남도 창원시 마산합포구,2019.10,착공일로부터 540 일,공공업무시설,"6,980 ㎡","17,492,310,131 원","2,506,062 원/㎡",매립지반으로 파일기초 반영함
북대전세무서 청사 신축 공사,철근콘크리트조 지하 1층~지상 5층.,"8,609.77㎡","9,917.3㎡","1,730.02㎡","2,340.77㎡",17.44%,60.31%,4.2m,25.7m,0대,대전광역시 유성구,2019.09,착공일로부터 630 일,업무시설,"8,609.77 ㎡","17,268,510,441 원","2,005,688 원/㎡",
파주지사 사옥 신축공사,철골조 지하 1층~지상 4층.,"4,725.4㎡","2,991.8㎡",869.86㎡,474.83㎡,29.07%,102.9%,4m,18m,80대,경기도 파주시,2019.09,착공일로부터 457 일,공공업무시설,"4,725.4 ㎡","11,814,069,274 원","2,500,120 원/㎡",
국민건강보험공단 평택지사 사옥 신축공사,철근콘크리트조 지하 1층~지상 4층.,"2,999㎡","3,904㎡",830.81㎡,623.58㎡,21.28%,72.9%,0m,17.7m,63대,경기도 평택시,2019.08,착공일로부터 420 일,업무시설,"2,999 ㎡","8,180,777,422 원","2,727,835 원/㎡",성토지반으로 파일기초 계획
목포항(연안포함)VTS신축공사,철근콘크리트조 지하 0층~지상 5층.,"2,730.57㎡","3,075.3㎡",689.53㎡,740.33㎡,22.42%,88.79%,4.2m,25.05m,25대,전라남도 목포시,2019.08,착공일로부터 720 일,업무시설 (공공업무시설),"2,730.57 ㎡","8,779,235,990 원","3,215,166 원/㎡",
부산지방기상청 청사 신축 공사,철근콘크리트조 지하 0층~지상 4층.,"3,317.52㎡","5,598㎡","1,195.58㎡","1,442.15㎡",21.36%,59.26%,4.2m,19.2m,45대,부산광역시,2019.08,착공일로부터 480 일,공공업무시설,"3,317.52 ㎡","11,133,643,759 원","3,356,014 원/㎡",
순천경찰서 청사 신축공사,철근콘크리트조 지하 1층~지상 5층.,"14,341㎡","11,375㎡","3,470.12㎡","2,082.07㎡",30.51%,99.81%,4.2m,24.2m,132대,전라남도 순천시,2019.08,착공일로부터 730 일,업무시설(공공업무시설),"14,341 ㎡","32,323,729,494 원","2,253,938 원/㎡",
여수해양경찰서 청사 신축공사,철근콘크리트조 지하 1층~지상 5층.,"6,779.22㎡","8,361.7㎡","2,330.3㎡","1,487.73㎡",27.87%,74.51%,3.8m,20.97m,97대,전라남도 여수시,2019.08,착공일로부터 180 일,업무시설,"6,779.22 ㎡","14,516,880,644 원","2,141,379 원/㎡",
제주지방경찰청 이전 신축 건축 공사,철근콘크리트조 지하 1층~지상 7층.,"15,837.12㎡","35,155㎡","3,238.6㎡","15,173.53㎡",9.21%,38.14%,4.2m,34.4m,323대,제주특별자치도 제주시,2019.08,착공일로부터 730 일,공공업무시설,"15,837.12 ㎡","32,900,388,277 원","2,077,422 원/㎡", * 공사 수량 20% 축소 + 예산 증액
포항북부경찰서 신축공사,철근콘크리트조 지하 1층~지상 4층.,"9,046㎡","22,268㎡","2,375.69㎡","11,036.31㎡",10.67%,34.06%,4m,0m,143대,경상북도 포항시 북구,2019.08,착공일로부터 600 일,업무시설(공공청사),"9,046 ㎡","23,866,715,430 원","2,638,372 원/㎡",
의정부지방법원 남양주지원청사 신축 건축공사,철근콘크리트조 지하 1층~지상 8층.,"19,827.82㎡","18,000㎡","4,346.36㎡","4,026.44㎡",24.15%,91.66%,4.5m,42.4m,186대,경기도 남양주시,2019.08,착공일로부터 840 일,공공청사(공공업무시설),"19,827.82 ㎡","46,851,537,009 원","2,362,919 원/㎡",
국립해양측위정보원 청사 신축 건설공사,철근콘크리트조 지하 1층~지상 2층.,"1,974㎡","11,543㎡",954.95㎡,918.96㎡,8.27%,14.43%,5.1m,14.1m,40대,충청북도 옥천군,2019.07,착공일로부터 330 일,업무시설(공공청사),"1,974 ㎡","5,205,727,602 원","2,637,147 원/㎡",
경남경찰청 신관 증축공사,철근콘크리트조 지하 2층~지상 5층.,"15,810.72㎡","20,908.8㎡","3,060㎡","4,405.55㎡",14.63%,45.06%,4m,25.28m,233대,경상남도 창원시 의창구,2019.07,착공일로부터 720 일,공공업무시설(경찰청),"15,810.72 ㎡","33,638,616,821 원","2,127,583 원/㎡",증축(2개층)을 고려하여 수직부재 설계됨
인천영종동우체국 건립공사,철근콘크리트조 지하 1층~지상 3층.,"7,761.21㎡","5,484.7㎡","2,828.74㎡","1,007.7㎡",51.58%,92.16%,4.2m,16.65m,73대,인천광역시 중구,2019.07,착공일로부터 720 일,업무시설(공공업무시설),"7,761.21 ㎡","17,780,579,646 원","2,290,955 원/㎡",
대구 경찰특공대 청사 신축공사,철근콘크리트조 지하 1층~지상 3층.,"5,373.82㎡","94,798㎡","2,773.49㎡",0㎡,2.93%,5.37%,3.7m,20m,65대,대구광역시 달성군,2019.07,착공일로부터 600 일,업무시설(공공청사),"5,373.82 ㎡","15,721,053,022 원","2,925,489 원/㎡", 7개동
영주지사 청사 신축공사,철근콘크리트조 지하 1층~지상 3층.,"2,540.75㎡","1,005.53㎡",664.64㎡,175.24㎡,66.1%,176.75%,3.8m,12.9m,20대,경상북도 영주시,2019.06,착공일로부터 458 일,업무시설,"2,540.75 ㎡","5,966,733,861 원","2,348,414 원/㎡",
제천세무서 청사 신축 공사,철근콘크리트조 지하 1층~지상 4층.,"3,476.56㎡","8,923.9㎡",732.33㎡,"3,157.57㎡",8.21%,27.81%,3.9m,20.1m,87대,충청북도 제천시,2019.05,착공일로부터 365 일,공공업무시설,"3,476.56 ㎡","8,355,459,496 원","2,403,370 원/㎡",
세종세무서 건립사업 건축공사,철골철근콘크리트조 지하 1층~지상 2층.,"11,162.56㎡","7,483㎡","3,914.67㎡","1,660.73㎡",52.31%,84.92%,3.7m,9.9m,130대,세종특별자치시,2019.05,착공일로부터 610 일,공공업무시설,"11,162.56 ㎡","24,474,450,732 원","2,192,548 원/㎡","낮고 넓은 공공청사, 곡면 천정"
국민건강보험공단 포항남부지사 사옥 신축공사,철근콘크리트조 지하 1층~지상 5층.,"2,873.27㎡","2,780.2㎡",863.12㎡,429.75㎡,31.05%,103.35%,3.9m,21.89m,45대,경상북도 포항시 남구,2019.05,착공일로부터 330 일,"업무시설, 다가구주택","2,873.27 ㎡","8,518,974,881 원","2,964,906 원/㎡",
세종남부경찰서 건축공사,철골철근콘크리트조 지하 1층~지상 4층.,"9,509.4㎡","15,110.5㎡","3,444.67㎡","2,608.34㎡",22.8%,50.61%,4.4m,17.6m,177대,세종특별자치시,2019.05,착공일로부터 730 일,공공업무시설,"9,509.4 ㎡","22,186,778,523 원","2,333,142 원/㎡",
한국국토정보공사 부산울산지역본부 울주지사 신축사옥 공사,철근콘크리트조 지하 1층~지상 5층.,"2,656.72㎡","1,080㎡",460.5㎡,300.14㎡,42.64%,171.27%,4m,25.3m,26대,울산광역시 울주군,2019.04,착공일로부터 365 일,업무시설,"2,656.72 ㎡","7,335,992,510 원","2,761,297 원/㎡",
부산진우체국 건립공사,철근콘크리트조 지하 1층~지상 7층.,"12,824.97㎡","4,691㎡","2,338.94㎡",738.89㎡,49.86%,199.34%,3.9m,30.79m,124대,부산광역시 부산진구,2019.04,착공일로부터 879 일,업무시설,"12,824.97 ㎡","26,688,101,234 원","2,080,948 원/㎡",
해남군 청사 신축공사,철근콘크리트조 지하 1층~지상 7층.,"18,601.1㎡","21,520㎡","3,650.08㎡","1,563.39㎡",16.96%,65.8%,4.3m,33m,129대,전라남도 해남군,2019.04,착공일로부터 750 일,업무시설(공공청사),"18,601.1 ㎡","48,524,906,946 원","2,608,712 원/㎡",
6-4생활권 복합커뮤니티센터 건립 건축공사,철근콘크리트조 지하 2층~지상 3층.,"12,186.76㎡","9,925㎡","5,018.51㎡","1,975.18㎡",50.56%,64.42%,4.2m,19.7m,92대,세종특별자치시,2019.04,착공일로부터 660 일,"제1종근린생활시설, 교육연구시설, 문화및집회시설, 노유자시설, 운동시설","12,186.76 ㎡","32,810,786,112 원","2,692,331 원/㎡",
국민건강보험공단 목포지사 사옥신축공사,철근콘크리트조 지하 0층~지상 5층.,"2,991.41㎡","4,620㎡","1,203.98㎡",869.72㎡,26.06%,64.75%,3.9m,21.56m,67대,전라남도 목포시,2019.03,착공일로부터 360 일,일반업무시설,"2,991.41 ㎡","8,813,695,577 원","2,946,335 원/㎡",
4-1생활권 복합커뮤니티센터 건립사업,철골조 지하 1층~지상 6층.,"12,638.6㎡","7,917㎡","4,187.53㎡","2,056.5㎡",52.89%,113.13%,4.5m,28m,81대,세종특별자치시,2019.03,착공일로부터 660 일,"제1종 근린생활,문화 및 집회, 교육연구, 노유자, 운동, 업무시설","12,638.6 ㎡","33,098,834,749 원","2,618,869 원/㎡",사선으로 기울여진 비정형 건물
애월읍 청사 신축공사,철근콘크리트조 지하 1층~지상 3층.,"4,791.74㎡","7,808㎡","1,547.32㎡","2,220.9㎡",19.82%,40.79%,3.9m,15.5m,90대,제주특별자치도 제주시,2019.02,착공일로부터 458 일,공공업무시설,"4,791.74 ㎡","11,522,493,764 원","2,404,658 원/㎡",녹색건축 및 BF인증 건물
인천지방법원 부천지원 별관 증축 건축공사,철근콘크리트조 지하 1층~지상 5층.,"6,993.81㎡","20,000.3㎡","2,117.51㎡","4,193.85㎡",10.59%,28.45%,4.5m,24.6m,252대,경기도 부천시 원미구,2019.02,착공일로부터 793 일,업무시설 (공공업무시설),"6,993.81 ㎡","17,330,833,091 원","2,478,025 원/㎡",본관동과 만나는 부분을 로비로 계획하여 수평증축함
남양주북부경찰서 신축사업 건축공사,철근콘크리트조 지하 1층~지상 4층.,"9,858㎡","14,633㎡","2,669.08㎡","3,646.85㎡",18.24%,55.84%,4.5m,21m,165대,경기도 남양주시,2019.02,착공일로부터 551 일,업무시설,"9,858 ㎡","23,493,608,725 원","2,383,202 원/㎡",
국민연금공단 지방이전 제2사옥 신축사업 건축공사,철근콘크리트조 지하 1층~지상 9층.,"20,389.68㎡","21,000.03㎡","3,782.52㎡","9,302.54㎡",18.01%,74.61%,4.2m,41.2m,198대,전라북도 전주시 덕진구,2018.12,착공일로부터 600 일,"업무시설(일반업무시설), 근린생활시설(1종)","20,389.68 ㎡","45,695,635,157 원","2,241,116 원/㎡",기존 단지 마스터플랜 조정 및 통합연계계획 포함
재난안전통신망 제2운영센터 건축 신축공사,철골철근콘크리트조 지하 0층~지상 3층.,993.33㎡,"1,880㎡",568.26㎡,345.61㎡,30.23%,52.84%,3.9m,16.7m,13대,대구광역시 수성구,2018.11,착공일로부터 270 일,공공업무시설,993.33 ㎡,"2,524,240,519 원","2,541,190 원/㎡",
국민연금 세종사옥 신축 건축공사,철근콘크리트조 지하 1층~지상 6층.,"5,507.55㎡","4,752.7㎡",998.87㎡,"1,264.41㎡",21.02%,91.02%,4.2m,32.1m,0대,세종특별자치시,2018.11,착공일로부터 488 일,업무시설,"5,507.55 ㎡","10,277,935,608 원","1,866,154 원/㎡",없음
국립환경과학원 유해특성연구공 건립 건축공사,철근콘크리트조 지하 0층~지상 3층.,"2,308.43㎡","490,500㎡","1,142.95㎡",0㎡,0.23%,0.47%,4.2m,13.4m,8대,인천광역시 서구,2018.11,착공일로부터 210 일,교육연구시설,"2,308.43 ㎡","5,677,608,639 원","2,459,511 원/㎡",
정부충남지방합동청사 신축 건설공사,철근콘크리트조 지하 1층~지상 5층.,"8,134.29㎡","10,000㎡","1,626.65㎡","2,262.19㎡",16.27%,56.84%,4.2m,23.45m,130대,충청남도 홍성군,2018.11,착공일로부터 510 일,업무시설(공공청사),"8,134.29 ㎡","18,048,703,740 원","2,218,842 원/㎡",
경북지방합동청사 건설공사,철근콘크리트조 지하 1층~지상 6층.,"10,427㎡","10,000㎡","2,015㎡","3,188㎡",20.15%,63.72%,2.7m,31m,159대,경상북도 예천군,2018.11,착공일로부터 540 일,공공업무시설,"10,427 ㎡","21,504,496,283 원","2,062,386 원/㎡",
인천병무지청 사무동 증축공사,철근콘크리트조 지하 1층~지상 4층.,"2,622.23㎡","4,318㎡",579.31㎡,833.54㎡,13.42%,52.15%,4m,18.85m,69대,인천광역시 미추홀구,2018.11,착공일로부터 330 일,공공업무시설,"2,622.23 ㎡","5,831,532,540 원","2,223,883 원/㎡","별관증축공사, 본관과 연결통로설치"
첨단자동차검사연구센터 건립 건축공사,철근콘크리트조 지하 1층~지상 4층.,"9,848.08㎡","8,969.2㎡","2,930.88㎡",816.58㎡,32.68%,103.07%,4.2m,24m,95대,경상북도 김천시,2018.11,착공일로부터 540 일,교육연구시설,"9,848.08 ㎡","20,543,383,087 원","2,086,029 원/㎡",
마산동부서 신축공사,철골철근콘크리트조 지하 1층~지상 7층.,"10,849㎡","12,116㎡","2,415.19㎡","3,795.25㎡",19.93%,67.81%,4m,30.16m,154대,경상남도 창원시 마산회원구,2018.11,착공일로부터 630 일,"자연녹지지역, 공공청사","10,849 ㎡","23,464,715,173 원","2,162,846 원/㎡",
부산지방법원 광역등기국 청사 신축공사,철근콘크리트조 지하 1층~지상 4층.,"4,892.34㎡","3,733㎡","1,311.2㎡",777.81㎡,35.12%,121.14%,4.3m,17.65m,46대,부산광역시 연제구,2018.11,착공일로부터 608 일,공공업무시설,"4,892.34 ㎡","10,598,735,862 원","2,166,394 원/㎡","층별 기둥 크기, 배근, 주근 강도의 변화가 있음 등"
한국국토정보공사 광주중부지사 사옥신축공사,철근콘크리트조 지하 1층~지상 6층.,"2,399.99㎡","1,653㎡",353.74㎡,283.85㎡,21.4%,112.44%,4.2m,24.3m,37대,광주광역시 북구,2018.11,착공일로부터 365 일,업무시설,"2,399.99 ㎡","6,388,538,770 원","2,661,902 원/㎡",
하남시 시청사 및 의회청사 증축 건축공사,철근콘크리트조 지하 2층~지상 5층.,"15,916.91㎡","32,348.4㎡","2,640.6㎡","5,526.42㎡",8.16%,21.38%,4.2m,26.95m,282대,경기도 하남시,2018.11,착공일로부터 720 일,공공업무시설,"15,916.91 ㎡","36,113,146,810 원","2,268,854 원/㎡","수평증축, 별동증축, 지하철 대지 하부 통과"
화학물질안전원 신청사 및 교육훈련장 건립사업,철근콘크리트조 지하 1층~지상 5층.,"12,298.41㎡","36,090㎡","3,847.34㎡","7,857.53㎡",10.66%,32.36%,3.9m,21.9m,182대,충청북도 청주시 흥덕구,2018.11,착공일로부터 540 일,교육연구시설(교육원),"12,298.41 ㎡","27,964,820,908 원","2,273,857 원/㎡",
북부산세관 청사 및 지정장치장 신축공사,철근콘크리트조 지하 0층~지상 3층.,"9,978.65㎡","21,183㎡","4,855.3㎡","2,101.01㎡",22.92%,47.11%,4.2m,15.15m,110대,부산광역시 남구,2018.11,착공일로부터 450 일,공공업무시설,"9,978.65 ㎡","15,857,828,662 원","1,589,176 원/㎡","지정장치장은 실제 창고시설로 사용되나 도시계획시설(공공청사,도로)로 결정되어 공공업무시설로 용도가 결정되었음
 (연면적 용도별 구분 : 청사 1,980.26㎡/ 지정장치장 7,987.92㎡ / 안내실 10.47㎡)"
남원세무서 청사 신축공사,철근콘크리트조 지하 1층~지상 4층.,"2,768.6㎡","5,959㎡",786.36㎡,"2,150.16㎡",13.2%,43.17%,4.2m,17.6m,43대,전라북도 남원시,2018.11,착공일로부터 300 일,업무시설,"2,768.6 ㎡","7,046,295,982 원","2,545,075 원/㎡",
특공대 훈련시설 신축공사,철근콘크리트조 지하 1층~지상 3층.,"8,469.54㎡","49,896㎡","3,476.35㎡","22,006.92㎡",6.97%,14.76%,4.5m,14.25m,74대,부산광역시 영도구,2018.11,착공일로부터 600 일,"공공업무시설, 교육연구시설","8,469.54 ㎡","20,417,431,794 원","2,410,690 원/㎡",사격장 및 훈련장 포함
대전지방국세청 청사 신축공사,철근콘크리트조 지하 2층~지상 7층.,"20,761.76㎡","18,182.1㎡","2,677.85㎡","3,937.87㎡",14.73%,71.97%,4.2m,34.97m,238대,대전광역시 대덕구,2018.11,착공일로부터 730 일,업무시설,"20,761.76 ㎡","44,369,164,501 원","2,137,062 원/㎡",
청주시 흥덕구청사 건축공사,철골철근콘크리트조 지하 0층~지상 6층.,"14,174.43㎡","31,062㎡","6,203.46㎡","5,637.67㎡",19.97%,45.63%,4.5m,28.05m,372대,충청북도 청주시 흥덕구,2018.10,착공일로부터 720 일,(공공)업무시설,"14,174.43 ㎡","53,901,094,786 원","3,802,699 원/㎡",
국가정보자원관리원 공주센터 신축공사,철골철근콘크리트조 지하 2층~지상 3층.,"16,177.92㎡","223,000㎡","2,790.84㎡","189,574.77㎡",1.25%,2.74%,4.5m,17.13m,198대,충청남도 공주시,2018.09,"착공일로부터 1,080 일",공공청사(업무시설),"16,177.92 ㎡","123,083,976,288 원","7,608,146 원/㎡",대단면 터널 굴착 후 건축공사 시행
공주세무서 청사신축공사,철근콘크리트조 지하 1층~지상 3층.,"2,989.12㎡","7,821.58㎡","1,060.57㎡","1,461.73㎡",13.56%,31.63%,4m,17.8m,59대,충청남도 공주시,2018.08,착공일로부터 360 일,공공업무시설(공공청사),"2,989.12 ㎡","7,442,867,266 원","2,489,986 원/㎡",
교육정보시스템 통합재해복구센터 신축공사,철근콘크리트조 지하 1층~지상 3층.,"4,126.55㎡","5,000㎡","1,639.59㎡","1,375.72㎡",32.79%,74.15%,5.4m,17.25m,45대,세종특별자치시,2018.08,착공일로부터 240 일,공공업무시설,"4,126.55 ㎡","14,835,628,663 원","3,595,165 원/㎡",
관세평가분류원 청사 신축공사,철근콘크리트조 지하 1층~지상 4층.,"4,890.35㎡","6,783㎡","1,174.16㎡","1,431.41㎡",17.31%,53.37%,4.5m,21.6m,80대,세종특별자치시,2018.08,착공일로부터 540 일,공공업무시설,"4,890.35 ㎡","10,845,091,659 원","2,217,651 원/㎡",
울산북부경찰서 청사 신축공사,철근콘크리트조 지하 1층~지상 5층.,"10,687.87㎡","16,110㎡","2,620.44㎡","4,058.96㎡",16.27%,53.26%,3.9m,22.8m,178대,울산광역시 북구,2018.08,착공일로부터 630 일,공공업무시설(경찰서),"10,687.87 ㎡","21,460,515,429 원","2,007,932 원/㎡",
서울동부지사 상설검정장 겸 청사 신축공사,철근콘크리트조 지하 1층~지상 4층.,"2,966.18㎡","2,645.1㎡",837.51㎡,515.15㎡,31.66%,104.9%,3.6m,18.1m,50대,서울특별시 은평구,2018.06,착공일로부터 365 일,업무시설 (사무소),"2,966.18 ㎡","5,763,324,704 원","1,943,012 원/㎡",
군포시 보훈회관 건립공사,철근콘크리트조 지하 1층~지상 3층.,"4,884㎡","2,909.5㎡","1,646.51㎡",822.96㎡,56.59%,115.63%,4.2m,16.8m,48대,경기도 군포시,2018.06,착공일로부터 540 일,일반업무시설,"4,884 ㎡","10,766,112,133 원","2,204,364 원/㎡",
서울남부지방법원 별관 신축공사,철근콘크리트조 지하 1층~지상 5층.,"8,051.41㎡","15,850.8㎡","1,594.89㎡",0㎡,10.06%,38.23%,4.5m,27.45m,50대,서울특별시 양천구,2018.04,착공일로부터 570 일,공공업무시설(공공청사),"8,051.41 ㎡","16,239,792,412 원","2,017,012 원/㎡",
국민건강보험공단 원주횡성지사 사옥 신축공사,철근콘크리트조 지하 1층~지상 4층.,"3,977.9㎡","3,065.7㎡",923.81㎡,569.16㎡,30.13%,90.68%,4m,19.3m,66대,강원도 원주시,2018.04,착공일로부터 365 일,업무시설,"3,977.9 ㎡","8,879,061,021 원","2,232,098 원/㎡",
전방사무소 청사 신축공사,철근콘크리트조 지하 1층~지상 4층.,"1,652.2㎡","4,803㎡",461.92㎡,0㎡,9.62%,28.38%,0m,17.93m,22대,경기도 파주시,2018.03,착공일로부터 365 일,업무시설(공공업무시설-청사),"1,652.2 ㎡","3,190,237,392 원","1,930,903 원/㎡",
중구 신당동 공공복합청사 신축공사,철근콘크리트조 지하 5층~지상 7층.,"6,680.7㎡",0㎡,0㎡,0㎡,%,%,0m,0m,0대,서울특별시 중구,2018.03,착공일로부터 810 일,공공청사,"6,680.7 ㎡","17,647,193,536 원","2,641,519 원/㎡",
정선경찰서 청사 신축사업,철근콘크리트조 지하 1층~지상 4층.,"6,926.13㎡","8,739㎡","2,163.4㎡","1,520.05㎡",24.76%,66.97%,4.2m,17.8m,102대,강원도 정선군,2018.02,착공일로부터 600 일,공공업무시설,"6,926.13 ㎡","14,492,711,159 원","2,092,469 원/㎡",
하남시 보건소 신축공사,철근콘크리트조 지하 1층~지상 3층.,"5,739.98㎡","6,193㎡","1,896.45㎡","1,599.49㎡",30.62%,66.97%,4.2m,16.9m,55대,경기도 하남시,2018.02,착공일로부터 480 일,공공업무시설(보건소),"5,739.98 ㎡","12,762,689,165 원","2,223,473 원/㎡",
강서경찰서 청사 신축공사,철근콘크리트조 지하 2층~지상 8층.,"20,183.39㎡","7,352.8㎡","2,933.52㎡","1,670.29㎡",39.9%,168.16%,3.9m,37.3m,205대,서울특별시 강서구,2018.02,착공일로부터 720 일,공공업무시설(청사),"20,183.39 ㎡","41,765,933,133 원","2,069,322 원/㎡",
보안수사대 통합청사 신축공사,철근콘크리트조 지하 2층~지상 4층.,"6,404㎡","2,952.8㎡","1,378.55㎡",847.34㎡,46.69%,134.42%,3.7m,15.95m,40대,서울특별시 종로구,2018.02,착공일로부터 690 일,업무시설 (공공업무시설),"6,404 ㎡","15,007,865,478 원","2,343,514 원/㎡",
국민건강보험공단 삼척지사 사옥 신축공사,철근콘크리트조 지하 1층~지상 3층.,"1,894.09㎡","2,515.01㎡",751.65㎡,414.93㎡,29.89%,70.1%,3.9m,14.5m,29대,강원도 삼척시,2018.01,착공일로부터 300 일,업무시설,"1,894.09 ㎡","4,561,468,926 원","2,408,264 원/㎡",
구리지사 사옥 신축공사,철근콘크리트조 지하 1층~지상 3층.,"1,938.73㎡","3,340㎡",683.04㎡,519.21㎡,20.45%,54.34%,4.2m,16.6m,60대,경기도 구리시,2018.01,착공일로부터 300 일,업무시설,"1,938.73 ㎡","5,085,249,690 원","2,622,980 원/㎡",
수원가정법원청사 신축공사,철근콘크리트조 지하 1층~지상 10층.,"18,079.07㎡","11,000㎡","3,398.89㎡",0㎡,30.9%,139.01%,4.5m,52m,174대,경기도 수원시 영통구,2018.01,착공일로부터 915 일,공공업무시설(공공청사),"18,079.07 ㎡","44,964,953,105 원","2,487,128 원/㎡",
중앙선거관리위원회 청사 증축공사,철근콘크리트조 지하 1층~지상 3층.,"6,030.4㎡","24,928.6㎡","2,034.91㎡","11,183.35㎡",8.16%,20.69%,4.5m,16.7m,41대,경기도 과천시,2018.01,착공일로부터 730 일,업무시설,"6,030.4 ㎡","11,784,106,063 원","1,954,117 원/㎡",
남양주가평지사 사옥 신축공사,철근콘크리트조 지하 1층~지상 4층.,"3,456.82㎡","4,000㎡",897.01㎡,"1,141.76㎡",22.43%,81.83%,3.9m,18.5m,67대,경기도 남양주시,2017.12,착공일로부터 365 일,업무시설,"3,456.82 ㎡","7,819,370,959 원","2,262,013 원/㎡",
서울남부출입국관리사무소 신축공사,철근콘크리트조 지하 1층~지상 5층.,"9,917㎡","11,570㎡","2,169.39㎡","2,455.43㎡",18.75%,85.71%,3.9m,22.5m,143대,서울특별시 강서구,2017.11,착공일로부터 720 일,공공업무시설,"9,917 ㎡","20,290,240,492 원","2,046,006 원/㎡",
한국국토정보공사 사옥신축공사,철근콘크리트조 지하 1층~지상 6층.,"4,991.11㎡","4,679㎡","1,408.94㎡","1,157.62㎡",30.11%,106.67%,4.8m,28.5m,51대,충청남도 홍성군,2017.11,착공일로부터 547 일,업무시설,"4,991.11 ㎡","11,865,987,272 원","2,377,425 원/㎡",
금강유역환경청 청사 신축사업,철근콘크리트조 지하 1층~지상 4층.,"9,162.06㎡","9,927.9㎡","2,543.59㎡",0㎡,25.62%,92.29%,3.9m,18.9m,132대,대전광역시 유성구,2017.11,착공일로부터 660 일,공공업무시설,"9,162.06 ㎡","17,486,637,219 원","1,908,592 원/㎡",
통일문화센터 시설공사,철근콘크리트조 지하 2층~지상 7층.,"8,058.32㎡","2,000㎡",982.88㎡,337.36㎡,49.14%,276.68%,3.9m,30.98m,40대,서울특별시 강서구,2017.11,착공일로부터 600 일,공공업무시설,"8,058.32 ㎡","17,254,351,054 원","2,141,185 원/㎡",
파주등기소(시법원) 신축공사,철근콘크리트조 지하 1층~지상 4층.,"1,892.24㎡","2,129.3㎡",465.61㎡,322.98㎡,21.87%,88.87%,4.5m,16.1m,40대,경기도 파주시,2017.11,착공일로부터 540 일,,"1,892.24 ㎡","3,833,733,140 원","2,026,029 원/㎡",
남양주경찰서 청사 신축공사,철근콘크리트조 지하 2층~지상 6층.,"15,451㎡","17,480㎡","3,227㎡","4,516㎡",18.46%,88.39%,3.9m,24m,206대,경기도 남양주시,2017.11,착공일로부터 720 일,공공업무시설(경찰서),"15,451 ㎡","31,751,853,091 원","2,055,003 원/㎡",
군산세무서 청사 신축공사,철근콘크리트조 지하 1층~지상 4층.,"5,189.82㎡","7,029.4㎡","1,481.39㎡","1,955.46㎡",21.07%,56.77%,3.9m,19.8m,104대,전라북도 군산시,2017.11,착공일로부터 480 일,공공업무시설,"5,189.82 ㎡","11,354,172,726 원","2,187,778 원/㎡",
국민건강보험공단 진천지사 사옥 신축공사,철근콘크리트조 지하 0층~지상 3층.,"1,444.63㎡","3,307㎡",567.95㎡,0㎡,17.17%,43.68%,3.9m,12.55m,41대,충청북도 진천군,2017.10,착공일로부터 240 일,공공업무시설,"1,444.63 ㎡","4,768,249,252 원","3,300,672 원/㎡",
구미경찰서 청사 신축공사,철근콘크리트조 지하 1층~지상 5층.,"12,806.57㎡","11,970㎡","3,371.23㎡","1,950.96㎡",28.16%,92.64%,4.2m,23.2m,175대,경상북도 구미시,2017.10,착공일로부터 690 일,공공업무시설,"12,806.57 ㎡","25,039,582,702 원","1,955,214 원/㎡",
수도권기상청 청사 신축공사,철근콘크리트조 지하 0층~지상 3층.,"2,519.61㎡","18,067㎡",871.92㎡,0㎡,4.83%,13.95%,3.9m,13.69m,53대,경기도 수원시 권선구,2017.10,착공일로부터 365 일,공공업무시설,"2,519.61 ㎡","6,572,486,165 원","2,608,533 원/㎡",
헌법재판소 청사증축 사업,철근콘크리트조 지하 3층~지상 2층.,"7,800㎡","16,808.6㎡","1,362.21㎡","5,269.31㎡",8.1%,15.08%,4m,11.65m,121대,서울특별시 종로구,2017.10,착공일로부터 720 일,공공업무시설,"7,800 ㎡","15,771,677,714 원","2,022,010 원/㎡",..
보령해양경찰서 청사신축공사,철근콘크리트조 지하 1층~지상 5층.,"6,413.23㎡","19,800㎡","2,012.28㎡","1,591.96㎡",10.16%,28.31%,4m,20.15m,99대,충청남도 보령시,2017.09,착공일로부터 540 일,업무시설(공공업무시설),"6,413.23 ㎡","13,105,116,103 원","2,043,450 원/㎡",
농림식품기술기획평가원 신청사 건립공사,철근콘크리트조 지하 1층~지상 4층.,"3,841.52㎡","5,425.2㎡","1,262.08㎡","1,384.97㎡",23.26%,66.16%,3.9m,16.95m,53대,전라남도 나주시,2017.09,착공일로부터 360 일,일반청사,"3,841.52 ㎡","9,218,668,999 원","2,399,745 원/㎡",
김해세무서 밀양지서 신축공사,철근콘크리트조 지하 1층~지상 3층.,"1,768.83㎡","4,102㎡",661.01㎡,615.3㎡,16.11%,39.19%,3.9m,13.6m,69대,경상남도 밀양시,2017.08,착공일로부터 365 일,업무시설(공공업무시설),"1,768.83 ㎡","4,045,568,230 원","2,287,144 원/㎡",
광역수사대 청사 신축공사,철근콘크리트조 지하 3층~지상 7층.,"12,257㎡","3,049.21㎡","1,414.98㎡",815.15㎡,46.4%,249.17%,4.1m,34.77m,80대,서울특별시 마포구,2017.08,착공일로부터 730 일,업무시설(공공청사),"12,257 ㎡","26,303,987,200 원","2,146,038 원/㎡",
한국국토정보공사 제주지역본부 사옥 신축공사,철근콘크리트조 지하 2층~지상 8층.,"4,210.91㎡",860.7㎡,514.3㎡,142.7㎡,59.75%,323.95%,3.9m,36.85m,37대,제주특별자치도 제주시,2017.08,착공일로부터 730 일,공공업무시설,"4,210.91 ㎡","9,528,325,116 원","2,262,771 원/㎡",
건강보험심사평가원 2사옥 건립공사,철근콘크리트조 지하 1층~지상 9층.,"52,592.24㎡","38,385.1㎡","10,694.91㎡","8,718.35㎡",27.86%,137.01%,4.5m,52.75m,493대,강원도 원주시,2017.08,착공일로부터 690 일,공공업무시설,"52,592.24 ㎡","117,106,544,187 원","2,226,689 원/㎡",
경찰특공대 청사 신축공사,철근콘크리트조 지하 2층~지상 5층.,"13,788.78㎡","230,507㎡","2,409.6㎡",0㎡,1.05%,4.93%,0m,25.73m,126대,서울특별시 서초구,2017.07,착공일로부터 990 일,업무시설(공공업무시설),"13,788.78 ㎡","21,416,454,702 원","1,553,180 원/㎡",
세종시선거관리위원회 청사 신축공사,철골조 지하 1층~지상 4층.,"2,426.39㎡","2,393㎡",699.6㎡,493.37㎡,29.24%,97.82%,4m,21.9m,27대,세종특별자치시,2017.06,착공일로부터 420 일,공공업무시설,"2,426.39 ㎡","6,909,748,318 원","2,847,748 원/㎡",
서울남부지방검찰청 별관 증축공사,철근콘크리트조 지하 2층~지상 6층.,"8,374.15㎡","13,818.1㎡","1,068.76㎡","3,384.38㎡",7.73%,42.62%,4.2m,29.8m,32대,서울특별시 양천구,2017.06,착공일로부터 720 일,일반청사,"8,374.15 ㎡","18,308,017,616 원","2,186,254 원/㎡",
경기남부지방경찰청 민원동 증축공사,지하 0층~지상 0층.,"8,400.24㎡",0㎡,0㎡,0㎡,%,%,0m,0m,0대,경기도,2017.06,착공일로부터 540 일,,"8,400.24 ㎡","15,506,148,419 원","1,845,917 원/㎡",
대구서부경찰서 청사 신축공사,철근콘크리트조 지하 1층~지상 7층.,"11,526.31㎡","4,958㎡","1,625.93㎡",766.49㎡,32.79%,145.78%,4m,32.1m,128대,대구광역시 서구,2017.06,착공일로부터 730 일,업무시설(공공업무시설),"11,526.31 ㎡","22,783,781,568 원","1,976,676 원/㎡",
서울서부광역등기소 신축공사,철근콘크리트조 지하 1층~지상 4층.,"4,856.98㎡","2,200.6㎡","1,096.84㎡",343.04㎡,49.84%,167.41%,4.2m,18.93m,28대,서울특별시 마포구,2017.05,착공일로부터 450 일,공공업무시설,"4,856.98 ㎡","9,723,728,052 원","2,002,011 원/㎡",
서울북부광역등기소 청사 신축 공사,철근콘크리트조 지하 1층~지상 4층.,"4,507.39㎡","1,703.5㎡",994.5㎡,263.81㎡,58.38%,192.95%,0m,18.75m,30대,서울특별시 도봉구,2017.05,착공일로부터 450 일,공공업무시설,"4,507.39 ㎡","9,067,874,604 원","2,011,779 원/㎡",
한국국토정보공사 경남지역본부 진주지사 사옥 신축공사,철근콘크리트조 지하 1층~지상 5층.,"2,354.58㎡","3,390㎡",403.17㎡,575㎡,11.89%,57.61%,3.9m,22.85m,79대,경상남도 진주시,2017.05,착공일로부터 365 일,공공업무시설,"2,354.58 ㎡","4,707,995,433 원","1,999,505 원/㎡",
서부경찰서 청사 신축공사,철근콘크리트조 지하 3층~지상 7층.,"14,715.67㎡","4,042.3㎡","1,760.45㎡",612.45㎡,43.55%,183.42%,4.2m,37.35m,112대,서울특별시 은평구,2017.05,착공일로부터 720 일,공공업무시설,"14,715.67 ㎡","30,767,121,508 원","2,090,773 원/㎡",
화성동탄경찰서 청사 신축공사,철근콘크리트조 지하 1층~지상 5층.,"10,192㎡","13,210㎡","2,597.86㎡","2,895.45㎡",19.67%,65.82%,4.2m,26.8m,177대,경기도 화성시,2017.04,착공일로부터 540 일,업무시설(공공업무시설),"10,192 ㎡","22,485,099,321 원","2,206,152 원/㎡",
TBN제주교통방송 청사 신축공사,철근콘크리트조 지하 2층~지상 4층.,"3,899.42㎡","4,774㎡",951.65㎡,716.1㎡,19.93%,59.65%,3.6m,14.8m,40대,제주특별자치도 제주시,2017.03,착공일로부터 365 일,방송통신시설,"3,899.42 ㎡","11,005,518,435 원","2,822,348 원/㎡",
안산세무서 청사신축 공사,철근콘크리트조 지하 1층~지상 8층.,"10,742.92㎡","4,836.38㎡","1,410.76㎡",949.2㎡,29.17%,222.13%,3.9m,34.25m,143대,경기도 안산시,2017.03,착공일로부터 600 일,공공업무시설,"10,742.92 ㎡","22,710,884,883 원","2,114,033 원/㎡",
마산세무서 청사신축공사,철근콘크리트조 지하 1층~지상 7층.,"9,360.74㎡","4,955㎡","1,101.36㎡","1,138.49㎡",22.23%,124.85%,3.9m,30.7m,100대,경상남도 창원시 마산합포구,2017.02,착공일로부터 660 일,공공업무시설,"9,360.74 ㎡","18,361,062,883 원","1,961,497 원/㎡",
국회 스마트워크센터 및 프레스센터 건립공사,철골철근콘크리트조 지하 1층~지상 4층.,"24,732.58㎡","333,750㎡","6,375.4㎡","8,241.86㎡",1.91%,5.56%,4.5m,23.32m,193대,서울특별시 영등포구,2017.01,착공일로부터 943 일,"공공업무시설, 근린생활시설","24,732.58 ㎡","57,703,092,632 원","2,333,080 원/㎡",
긴급상황센터 신축공사,철근콘크리트조 지하 1층~지상 3층.,"3,271.72㎡","6,921.23㎡","1,939.47㎡","3,420.9㎡",28.02%,42.47%,4.8m,14.9m,20대,충청북도 청주시 흥덕구,2017.01,착공일로부터 300 일,공공업무시설,"3,271.72 ㎡","8,632,946,237 원","2,638,657 원/㎡",
금천경찰서 신축공사,철근콘크리트조 지하 1층~지상 6층.,"12,685.7㎡","9,200㎡","2,757.85㎡","1,642.56㎡",29.98%,137.89%,0m,27.6m,132대,서울특별시 금천구,2016.11,착공일로부터 660 일,공공업무시설(청사),"12,685.7 ㎡","26,643,583,954 원","2,100,285 원/㎡",
507의무경찰대 신축공사,철근콘크리트조 지하 0층~지상 3층.,"2,501.02㎡","16,996㎡",975.03㎡,"10,554㎡",5.74%,14.72%,3.6m,13.2m,22대,전라남도 여수시,2016.10,착공일로부터 240 일,공공업무시설,"2,501.02 ㎡","4,287,816,687 원","1,714,427 원/㎡",
태백지청 합동청사 신축공사,철근콘크리트조 지하 1층~지상 4층.,"3,459.85㎡","2,496㎡",889.79㎡,607.93㎡,35.65%,138.62%,0m,18.1m,25대,강원도 태백시,2016.10,착공일로부터 730 일,업무시설(공공청사),"3,459.85 ㎡","6,961,487,525 원","2,012,078 원/㎡",
국민건강보험공단 안성지사 사옥 신축공사,철근콘크리트조 지하 1층~지상 3층.,"1,959.02㎡","3,432㎡",622.12㎡,912.4㎡,18.13%,57.08%,0m,0m,51대,경기도 안성시,2016.10,착공일로부터 244 일,업무시설(공공청사),"1,959.02 ㎡","5,069,362,534 원","2,587,703 원/㎡",
국민건강보험공단 오산지사 사옥 신축공사,철근콘크리트조 지하 1층~지상 3층.,"2,445.98㎡","2,288.9㎡",583.77㎡,600㎡,25.5%,72.78%,3.9m,18.4m,42대,경기도 오산시,2016.10,착공일로부터 306 일,업무시설(공공청사),"2,445.98 ㎡","5,818,172,249 원","2,378,667 원/㎡",
전주지방검찰청 신축공사,철근콘크리트조 지하 1층~지상 8층.,"26,265.63㎡","33,235㎡","5,346.62㎡","10,596.24㎡",16.09%,62.98%,4.2m,43.9m,331대,전라북도 전주시,2016.10,"착공일로부터 1,020 일",공공업무시설,"26,265.63 ㎡","57,311,942,626 원","2,182,013 원/㎡",
국민건강보험공단 시흥지사 사옥 신축공사,철근콘크리트조 지하 1층~지상 4층.,"3,128.78㎡","3,044.4㎡",773.99㎡,509.02㎡,25.42%,97.29%,3.9m,18.9m,56대,경기도 시흥시,2016.10,착공일로부터 306 일,누락(제1종근린생활시설/지역건강보험조합),"3,128.78 ㎡","6,921,043,832 원","2,212,058 원/㎡",
한국고전번역원 청사이전 신축사업,철근콘크리트조 지하 1층~지상 6층.,"7,510.72㎡","2,975.2㎡","1,414.28㎡",565.76㎡,47.54%,252.44%,0m,27.8m,38대,서울특별시 은평구,2016.09,착공일로부터 540 일,일반청사,"7,510.72 ㎡","13,609,943,804 원","1,812,069 원/㎡",
국민건강보험공단 여수지사 사옥 신축공사,철근콘크리트조 지하 1층~지상 4층.,"2,614.68㎡","4,125㎡",687.65㎡,"1,194.3㎡",16.67%,60.81%,3.9m,17m,56대,전라남도 여수시,2016.09,착공일로부터 300 일,일반업무시설,"2,614.68 ㎡","6,713,777,381 원","2,567,724 원/㎡",
국민건강보험공단 홍성지사 사옥 신축공사,철근콘크리트조 지하 0층~지상 3층.,"1,587.19㎡","3,435.3㎡",616.04㎡,776.48㎡,17.93%,46.2%,3.9m,18.9m,48대,충청남도 홍성군,2016.09,착공일로부터 240 일,일반업무시설,"1,587.19 ㎡","4,496,995,789 원","2,833,307 원/㎡",
국립환경과학원 국가환경위성센터 건립공사,철근콘크리트조 지하 1층~지상 3층.,"2,917.51㎡","3,528.58㎡",993.35㎡,"1,912.84㎡",28.15%,65.23%,5.1m,18.6m,8대,인천광역시 서구,2016.08,착공일로부터 365 일,연구소(공공업무시설),"2,917.51 ㎡","9,099,450,253 원","3,118,910 원/㎡",
국민건강보험공단 영광함평지사 사옥 신축공사,지하 0층~지상 0층.,"1,779.19㎡",0㎡,0㎡,0㎡,%,%,0m,0m,0대,전라남도,2016.08,착공일로부터 240 일,,"1,779.19 ㎡","4,675,828,599 원","2,628,066 원/㎡",
국민건강보험공단 상주지사 사옥신축공사,철근콘크리트조 지하 1층~지상 3층.,"1,745.52㎡","2,822㎡",628.12㎡,613㎡,22.26%,58.1%,3.9m,13.75m,34대,경상북도 상주시,2016.08,착공일로부터 240 일,공공업무시설,"1,745.52 ㎡","4,421,850,214 원","2,533,257 원/㎡",
전주지방법원청사 신축 공사,철근콘크리트조 지하 0층~지상 0층.,"38,934.02㎡",0㎡,0㎡,0㎡,%,%,0m,0m,0대,전라북도 전주시,2016.07,"착공일로부터 1,080 일",.,"38,934.02 ㎡","86,339,056,507 원","2,217,574 원/㎡",
여수지사 청사 신축공사,철근콘크리트조 지하 1층~지상 3층.,"2,455.72㎡","4,856.4㎡",961.53㎡,"1,084.83㎡",19.8%,50.57%,0m,15.1m,53대,전라남도 여수시,2016.07,착공일로부터 420 일,업무시설(공공청사),"2,455.72 ㎡","5,193,268,336 원","2,114,764 원/㎡",
새만금지방환경청 신청사 건립사업,철근콘크리트조 지하 1층~지상 4층.,"5,980.36㎡","10,687.1㎡","2,098.61㎡","2,788.61㎡",19.64%,45.84%,4.2m,18.65m,100대,전라북도 전주시,2016.06,착공일로부터 540 일,업무시설(공공청사),"5,980.36 ㎡","12,554,691,077 원","2,099,320 원/㎡",
영덕준법지원센터 신축공사,지하 0층~지상 0층.,"1,265.7㎡",0㎡,0㎡,0㎡,%,%,0m,0m,0대,경상북도,2016.06,착공일로부터 315 일,,"1,265.7 ㎡","2,506,679,706 원","1,980,469 원/㎡",
한국산업인력공단 울산지사 상설검정장 겸 청사 신축공사,철근콘크리트조 지하 1층~지상 3층.,"3,545.6㎡","42,487㎡",715.89㎡,0㎡,1.68%,4.83%,3.9m,17.1m,70대,울산광역시 중구,2016.06,착공일로부터 240 일,교육연구시설,"3,545.6 ㎡","5,566,747,990 원","1,570,044 원/㎡",
상당구청사 신축공사,철골철근콘크리트조 지하 1층~지상 5층.,"19,488.14㎡","45,882㎡","4,177.23㎡","1,660.05㎡",9.1%,25.27%,4.2m,24.05m,337대,충청북도 청주시,2016.04,착공일로부터 510 일,공공업무시설,"19,488.14 ㎡","44,870,545,091 원","2,302,454 원/㎡",
충남지방경찰청 태안경찰서 신축공사,철근콘크리트조 지하 1층~지상 4층.,"6,076㎡","13,227㎡","2,018.21㎡","3,543.62㎡",15.26%,45.94%,0m,19.15m,78대,충청남도 태안군,2016.04,착공일로부터 510 일,공공업무시설,"6,076 ㎡","13,115,126,709 원","2,158,513 원/㎡",
경기서부융복합지원센터 신축공사,철근콘크리트조 지하 1층~지상 5층.,"4,895.37㎡","3,443.6㎡","1,446.69㎡",530.57㎡,42.01%,127.4%,4.5m,24.9m,52대,경기도 시흥시,2016.03,착공일로부터 365 일,"공공업무시설, 근린생활시설","4,895.37 ㎡","9,491,571,661 원","1,938,887 원/㎡",
통합교통정보센터 건립공사,철근콘크리트조 지하 1층~지상 4층.,"3,884.94㎡","22,500㎡",897.23㎡,0㎡,3.99%,13.39%,4.5m,20.54m,11대,경기도 화성시,2016.02,착공일로부터 420 일,업무시설(공공청사),"3,884.94 ㎡","9,456,243,902 원","2,434,077 원/㎡",
세종우체국 건립공사,철근콘크리트조 지하 1층~지상 3층.,"5,937.7㎡","14,146㎡","3,417.6㎡","2,920.72㎡",24.16%,41.97%,0m,15.01m,160대,세종특별자치시,2016.02,착공일로부터 550 일,"공공업무시설(우체국), 근린생활시설","5,937.7 ㎡","15,046,169,037 원","2,534,006 원/㎡",
국민건강보험공단 대전지역본부 사옥 신축공사,철골철근콘크리트조 지하 1층~지상 8층.,"13,578.75㎡","6,571.8㎡","2,872.51㎡","1,660.05㎡",43.71%,206.62%,0m,37.18m,180대,세종특별자치시,2015.12,착공일로부터 720 일,공공업무시설,"13,578.75 ㎡","31,493,349,883 원","2,319,311 원/㎡",
농림축산검역본부 호남지역본부 청사 신축공사,지하 0층~지상 0층.,"3,256.06㎡",0㎡,0㎡,0㎡,%,%,0m,0m,0대,전라북도,2015.11,착공일로부터 360 일,,"3,256.06 ㎡","8,843,398,447 원","2,715,981 원/㎡",
예천군 신청사 및 의회청사 건립공사,철근콘크리트조 지하 1층~지상 5층.,"17,861.04㎡","41,893㎡","4,943.4㎡","12,952.27㎡",11.8%,30.21%,0m,32.08m,300대,경상북도 예천군,2015.11,착공일로부터 610 일,업무시설(공공청사),"17,861.04 ㎡","40,384,907,961 원","2,261,061 원/㎡",
해운대우체국 건립공사,철근콘크리트조 지하 1층~지상 4층.,"7,962.38㎡","3,521.4㎡","2,065.28㎡",658.56㎡,58.65%,156.2%,4.2m,23.79m,62대,부산광역시 해운대구,2015.10,착공일로부터 650 일,공공업무시설(우체국),"7,962.38 ㎡","15,463,137,801 원","1,942,025 원/㎡",
TBN경북교통방송 청사 신축공사,철근콘크리트조 지하 1층~지상 3층.,"2,988.23㎡","9,483㎡","1,131.51㎡","3,384.07㎡",11.93%,24.94%,4.5m,18.9m,41대,경상북도 포항시 북구,2015.10,착공일로부터 334 일,방송통신시설/업무시설,"2,988.23 ㎡","8,229,921,858 원","2,754,113 원/㎡",
국민건강보험공단 논산지사 사옥 신축공사,철근콘크리트조 지하 0층~지상 3층.,"1,838.16㎡","3,395.4㎡",705.89㎡,656.63㎡,20.79%,54.14%,3.9m,13.9m,49대,충청남도 논산시,2015.10,착공일로부터 240 일,업무시설(일반업무시설),"1,838.16 ㎡","4,330,294,685 원","2,355,777 원/㎡",
서울영동우체국 건립공사,철근콘크리트조 지하 3층~지상 8층.,"13,631.15㎡","2,633.7㎡","1,203.4㎡",465.89㎡,45.69%,293.19%,3m,32.98m,131대,서울특별시 강남구,2015.09,착공일로부터 920 일,"공공업무시설, 근린생활시설, 일반업무시설(오피스텔)","13,631.15 ㎡","28,605,191,712 원","2,098,516 원/㎡",
국민건강보험공단 순천곡성지사 사옥 신축공사,철근콘크리트조 지하 1층~지상 4층.,"2,911.09㎡","4,577.1㎡",793.1㎡,762.26㎡,17.33%,61.33%,3.6m,15.7m,71대,전라남도 순천시,2015.09,착공일로부터 300 일,일반업무시설,"2,911.09 ㎡","6,754,434,668 원","2,320,242 원/㎡",
국민건강보험공단 무안신안지사 사옥 신축공사,철근콘크리트조 지하 0층~지상 3층.,"1,775.68㎡","3,182㎡",726.15㎡,805.46㎡,22.82%,55.8%,3.9m,19.17m,35대,전라남도 무안군,2015.08,착공일로부터 225 일,업무시설,"1,775.68 ㎡","4,341,534,056 원","2,444,998 원/㎡",
예산군 신청사 건립공사,철근콘크리트조 지하 1층~지상 9층.,"25,805.16㎡","35,397㎡","6,459.57㎡","12,273.59㎡",18.25%,72.9%,0m,42.55m,672대,충청남도 예산군,2015.07,착공일로부터 780 일,공공업무시설(공공청사),"25,805.16 ㎡","59,658,062,866 원","2,311,866 원/㎡",
김포지사 사옥신축 공사,철근콘크리트조 지하 1층~지상 4층.,"3,599.42㎡","3,238.4㎡",722.42㎡,0㎡,22.31%,111.15%,0m,21.6m,72대,충청북도 청주시,2015.06,착공일로부터 306 일,업무시설(일반업무시설),"3,599.42 ㎡","8,165,376,717 원","2,268,526 원/㎡",
인천논현경찰서 신축 공사,철근콘크리트조 지하 1층~지상 6층.,"12,415㎡","11,062㎡","2,530.11㎡","2,104.5㎡",22.87%,81.64%,4.2m,30.45m,188대,인천광역시 남동구,2015.06,착공일로부터 600 일,공공업무시설,"12,415 ㎡","24,881,071,371 원","2,004,114 원/㎡",
의왕경찰서 청사 신축공사,철근콘크리트조 지하 1층~지상 7층.,"9,346.84㎡","11,150㎡","2,289.77㎡","1,672.5㎡",20.54%,72.5%,0m,33.95m,124대,경기도 의왕시,2015.06,착공일로부터 600 일,공공업무시설,"9,346.84 ㎡","20,211,479,485 원","2,162,386 원/㎡",
목포경찰서 청사 신축 공사,철근콘크리트조 지하 1층~지상 6층.,"15,583.96㎡","18,880㎡","3,028.8㎡","4,230.41㎡",16.04%,65.58%,4.2m,28m,162대,전라남도 목포시,2015.05,착공일로부터 540 일,업무시설(공공청사),"15,583.96 ㎡","32,186,155,382 원","2,065,339 원/㎡",
의정부지방법원 제4신관 증축공사,철근콘크리트조 지하 0층~지상 0층.,"1,446.26㎡",0㎡,0㎡,0㎡,%,%,0m,0m,0대,경기도,2015.05,착공일로부터 152 일,.,"1,446.26 ㎡","2,654,051,757 원","1,835,114 원/㎡",
수산자원조사센터 건립공사,철근콘크리트조 지하 0층~지상 0층.,"5,309.45㎡",0㎡,0㎡,0㎡,%,%,0m,0m,0대,경상남도,2015.04,착공일로부터 480 일,.,"5,309.45 ㎡","16,043,543,424 원","3,021,696 원/㎡",
(가칭)세종비즈센터 시설공사,지하 0층~지상 0층.,"10,321.14㎡",0㎡,0㎡,0㎡,%,%,0m,0m,0대,세종특별자치시,2015.03,착공일로부터 540 일,,"10,321.14 ㎡","17,251,944,041 원","1,671,515 원/㎡",
식약처 본부청사 증축공사,철근콘크리트조 지하 1층~지상 5층.,"6,539㎡","400,256.8㎡","2,031.02㎡","235,714.85㎡",0.51%,1.47%,4.5m,32.5m,94대,충청북도 청주시 흥덕구,2015.03,착공일로부터 480 일,업무시설(일반업무시설),"6,539 ㎡","15,846,810,337 원","2,423,430 원/㎡",
긴급 운전면허본부 울산이전청사 신축공사,철근콘크리트조 지하 1층~지상 6층.,"4,986.55㎡","4,923㎡",820.37㎡,754.66㎡,16.66%,101.29%,4.2m,32.5m,77대,울산광역시 중구,2015.02,착공일로부터 450 일,업무시설(일반업무시설),"4,986.55 ㎡","9,705,666,535 원","1,946,369 원/㎡",
국립공원관리공단 청사 신축공사,철근콘크리트조 지하 1층~지상 8층.,"9,441.3㎡","12,276㎡","2,125.81㎡","4,722.11㎡",17.32%,60.97%,4.2m,32.5m,77대,강원도 원주시,2015.01,착공일로부터 660 일,업무시설(일반청사),"9,441.3 ㎡","20,631,397,228 원","2,185,228 원/㎡",
한국교직원공제회관 신축공사,지하 5층~지상 27층.,"83,381.31㎡",0㎡,0㎡,0㎡,%,%,0m,0m,0대,서울특별시,2015.01,"착공일로부터 1,065 일",,"83,381.31 ㎡","233,503,772,181 원","2,800,433 원/㎡",
한국인터넷진흥원 지방이전 청사 신축공사,철근콘크리트조 지하 1층~지상 8층.,"16,656.46㎡","23,613㎡","3,991.43㎡","6,892.05㎡",16.9%,70.54%,0m,45.85m,213대,전라남도 나주시,2015.01,착공일로부터 660 일,일반업무시설,"16,656.46 ㎡","35,118,830,402 원","2,108,421 원/㎡",
대전지방법원 천안지원청사 신축공사,철근콘크리트조 지하 0층~지상 0층.,"24,130.77㎡",0㎡,0㎡,0㎡,%,%,0m,0m,0대,충청남도,2015.01,착공일로부터 912 일,.,"24,130.77 ㎡","54,728,955,588 원","2,268,015 원/㎡",
